code;description;valid_from_survey_year;valid_to_survey_year;value_min;value_max
31;1501 - 1550 m;1984;;1501;1550
32;1551 - 1600 m;1984;;1551;1600
33;1601 - 1650 m;1984;;1601;1650
34;1651 - 1700 m;1984;;1651;1700
35;1701 - 1750 m;1984;;1701;1750
36;1751 - 1800 m;1984;;1751;1800
37;1801 - 1850 m;1984;;1801;1850
38;1851 - 1900 m;1984;;1851;1900
39;1901 - 1950 m;1984;;1901;1950
40;1951 - 2000 m;1984;;1951;2000
41;2001 - 2050 m;1984;;2001;2050
42;2051 - 2100 m;1984;;2051;2100
43;2101 - 2150 m;1984;;2101;2150
44;2151 - 2200 m;1984;;2151;2200
45;2201 - 2250 m;1984;;2201;2250
46;2251 - 2300 m;1984;;2251;2300
47;2301 - 2350 m;1984;;2301;2350
48;2351 - 2400 m;1984;;2351;2400
49;2401 - 2450 m;1984;;2401;2450
50;2451 - 2500 m;1984;;2451;2500
51;> 2500 m;1984;;2501;4000
1;<= 50 m;1984;;-20;50
2;51 - 100 m;1984;;51;100
3;101 - 150 m;1984;;101;150
4;151 - 200 m;1984;;151;200
5;201 - 250 m;1984;;201;250
6;251 - 300 m;1984;;251;300
7;301 - 350 m;1984;;301;350
8;351 - 400 m;1984;;351;400
9;401 - 450 m;1984;;401;450
10;451 - 500 m;1984;;451;500
11;501 - 550 m;1984;;501;550
12;551 - 600 m;1984;;551;600
13;601 - 650 m;1984;;601;650
14;651 - 700 m;1984;;651;700
15;701 - 750 m;1984;;701;750
16;751 - 800 m;1984;;751;800
17;801 - 850 m;1984;;801;850
18;851 - 900 m;1984;;851;900
19;901 - 950 m;1984;;901;950
20;951 - 1000 m;1984;;951;1000
21;1001 - 1050 m;1984;;1001;1050
22;1051 - 1100 m;1984;;1051;1100
23;1101 - 1150 m;1984;;1101;1150
24;1151 - 1200 m;1984;;1151;1200
25;1201 - 1250 m;1984;;1201;1250
26;1251 - 1300 m;1984;;1251;1300
27;1301 - 1350 m;1984;;1301;1350
28;1351 - 1400 m;1984;;1351;1400
29;1401 - 1450 m;1984;;1401;1450
30;1451 - 1500 m;1984;;1451;1500
