survey_code;code_country;partner_code;country;_1984;_1985;_1986;_1987;_1988;_1989;_1990;_1991;_1992;_1993;_1994;_1995;_1996;_1997;_1998;_1999;_2000;_2001;_2002;_2003;_2004;_2005;_2006;_2007;_2008;_2009;_2010;_2011;_2012;_2013;_2014;_2015;_2016;_2017;_2018;_2019;_2020;_2021;_2022;_2023;_2024;_2025
gv;1;1;France;;;;;;;;;;;26;101;16;26;-9999;-9999;88;-9999;-9999;-9999;-9999;101;-9999;-9999;-9999;-9999;49;-9999;-9999;-9999;-9999;102;-9999;-9999;-9999;-9999;;;;;;
gv;2;102;Belgium;;;;;10;;;;2;;;;12;;;;;;11;4;;;;11;;;4;;11;;;;;11;;;;;11;;;
gv;2;202;Belgium;;;;;;;;;;;;;;;8;;;;;9;;;;;;8;;;;;;8;;;;;7;;;;;
gv;3;3;Netherlands;;;;;;;;;;;;;13;;;;14;;;;;;;;;;5;;;;;;;;;;;;;;;
gv;4;98;Germany;;;;;;;;;;;;;;;;;;;;;;;;;;;;;;;;;;;;;;;;;;
gv;4;2704;Germany;;;;;;;;;;;;;;;9;6;9;9;6;6;9;9;9;9;;4;;;9;;;;;11;;;;;8;;;
gv;4;2804;Germany;;;;;;;;;;;;;10;;;;10;10;;;;;;;;;10;;;;;;;10;;;;10;;;;
gv;4;2904;Germany;;;;;;;;;;;;;;;6;6;22;6;6;6;6;22;6;6;6;9;10;;;;;17;;;;;17;;;;;
gv;4;3004;Germany;;;;;;;7;6;1;4;7;1;7;5;6;5;5;4;7;10;6;9;11;14;13;14;14;14;19;15;14;14;14;18;15;14;14;14;18;15;15;
gv;4;3104;Germany;;;;;;;;;;;;;;;;;;2;2;2;2;2;2;2;2;2;2;2;2;2;2;;2;2;2;2;2;;;;;
gv;4;3204;Germany;;;;;;;;;;;;;;;7;;;;;;;;;;;4;;;;;;;4;;;;;;;;12;
gv;4;3304;Germany;;;;;;;;;;;;;;;7;7;;;;;;;;;;;3;;;;;;;;;;;;;;;
gv;4;3504;Germany;;;;;;;;;;;;;;;;;;;;;;;;;;1;1;1;;;;;;;;;;;;;;
gv;4;3604;Germany;;;;;;;;;;;;;;;6;6;6;6;6;6;6;6;6;6;6;6;6;6;6;6;6;6;6;6;6;6;5;5;5;6;;
gv;4;3704;Germany;;;;;;;;;;;;;;;;;;5;;;;;5;;;;;5;;;;;5;;;;;5;;;;
gv;4;9804;Germany;;;;;;;;;;;;;;;;;;;;;;;;;;;;;;;;;;;;;;;;;;
gv;5;5;Italy;;;;;;;;;;;;;;;;19;16;11;12;11;11;28;24;8;11;17;14;31;23;13;13;;7;;;6;8;;;9;10;
gv;6;6;United Kingdom;;;;;;;;;;;;;;;10;;;10;;;;;;4;;;10;;;5;;;4;;;4;;;6;;;
gv;7;7;Ireland;;;;;;;;;;;;;;9;;;;;;;;;;;;;3;;;;;;;;;;;;;;;
gv;8;8;Denmark;;;;;;;;;;;;;;;15;15;10;;;;;9;;;;6;2;;;;;;;4;;;;4;;4;;
gv;9;9;Greece;;;;;;;;;;;;;4;;;;;;;;;;;;;4;;;;;;;;;;;;;;;;
gv;10;10;Portugal;;;;;;;;;;;;;;;9;;;8;;;8;;;;;;;;;;;;;;;;;;;;;
gv;11;11;Spain;;;;;;;;;;;;;;;;53;;;;;;;;;;;30;;;;;;;;;14;;;;;;
gv;12;12;Luxembourg;;;;;;;;;;;;2;;;;;2;;;;;2;;;;;;;;;;;;;;;;;;;;
gv;13;13;Sweden;;;;;;;;;;;;;;;;;37;;;;;3;;;;;12;;;;;;;;;;;;;;;
gv;13;1301;Sweden;;;;;;;;;;;;;;;;;61;;;;;17;;;;;;;;;;;;;;;;;;;;
gv;14;14;Austria;;;;;;;;;;;;1;19;;;;;20;;;;;20;;;;;;;;;;;;;;;;;;;
gv;15;15;Finland;;;;;;;;;;;;;;;31;6;6;6;6;30;2;1;;;;18;;;;;15;;;;;9;;;;;8;
gv;50;50;Switzerland;;;;;;;;;;;2;5;13;11;7;16;;16;;16;;;;;1;;;17;;1;;;;;;3;;18;;;;
gv;51;51;Hungary;;;;;;;;;;;;;-9999;;;-9999;;15;;15;;15;;14;;8;;8;;8;;8;;8;;6;;7;;;;
gv;52;52;Romania;;;;;;;;;;;;;;;;;7;;;;;;;;;7;3;8;;12;;-9999;;12;;12;;12;;;;
gv;53;53;Poland;;;;;;;;;;;;;;;121;27;;;;148;;-9999;;;148;12;;;;148;26;;;;;148;;;;;;
gv;54;54;Slovak Republic;;;;;;;;;;;;;;;;7;;;;;7;;;;;9;;;;;9;;;;;10;;;;;;
gv;55;55;Norway;;;;;;;;2;1;;;1;;;6;7;4;;;4;4;1;1;;3;3;2;-9999;-9999;1;-9999;1;1;-9999;1;-9999;1;1;;1;;1
gv;56;56;Lithuania;;;;;;;;;;;;;;;;;;;;;9;;;;;;9;;;;;-9999;;;;;9;;;;;
gv;57;57;Croatia;;;;;;;;;;;;;;;;;;;;;;;;;;;;;;-9999;-9999;;;;;-9999;;;;;;
gv;58;58;Czech Republic;;;;;;;;;;;;6;2;1;1;1;11;;;3;2;4;4;;;16;;;;;16;;;;;16;;;;;16;
gv;59;59;Estonia;;;;;;;;;;;;;;7;;;;6;;;;;7;;;7;;;;;6;;;;;6;;;;;;
gv;60;60;Slovenia;;;;;;;;;;;;;;;;;;;;;11;;;;;11;;;;;5;6;;;;6;5;;;;;
gv;61;61;Republic of Moldova;;;;;;;;;;;;;;;;;;;;;;;;;;;;;;;;;;;;;;;;;;
gv;62;62;Russia;;;;;;;;;;;;;;;;;;;;;;;;;;35;112;;;;;;;;;;;;;;;
gv;63;63;Bulgaria;;;;;;;;;;;;;;;;;;;;;;3;3;;;3;3;3;;;3;3;;4;;;4;;4;;;
gv;64;64;Latvia;;;;;;;;;;;;;;;;2;;;;;1;;;;;1;;;;;1;;;;;;;;;;;
gv;65;65;Belarus;;;;;;;;;;;;;;;;;;;;;;;;;;;;;;;;;;;;;;;;;;
gv;66;66;Cyprus;;;;;;;;;;;;;;;;;;;;;4;;;;;4;;;;;;;;;;;;;;;;
gv;67;67;Serbia;;;;;;;;;;;;;;;;;;;;;;;;;;1;2;3;3;5;5;5;5;5;5;5;5;5;5;5;;
gv;68;68;Andorra;;;;;;;;;;;;;;;;;;;;;;;;;;;;;;;;;;;;;;;;;;
gv;72;72;Türkiye;;;;;;;;;;;;;;;;;;;;;;;;;;;;;;;;;;;-9999;;;;;;;
gv;80;80;Montenegro;;;;;;;;;;;;;;;;;;;;;;;;;;;;;;;;;;;;;;;;;;
gv;95;95;Canaries (Spain);;;;;;;;;;;;;;;;;;;;;;;;;;;;;;;;;;;;;;;;;;
gv;96;96;Azores (Portugal);;;;;;;;;;;;;;;;;;;;;;;;;;;;;;;;;;;;;;;;;;
